Hello,,"В наличии",0
"LUMEN 600x",,"В наличии",0
"W.S 1000ST",,"В наличии",0
"W.S 300ST",,"В наличии",0
"W.S 400ST",,"В наличии",0
"FURY 100MX",,"В наличии",0
"FURY 200MX",,"В наличии",0
"FURY 400MX",,"В наличии",0
"FURY 600MX",,"В наличии",0
"W.S 500ST",,"В наличии",0
custom_product1,,"В наличии",0
custom_product1,,"В наличии",0
custom_product1,,"В наличии",0
"LUMEN 500X",,"В наличии",0
"На i3",,"В наличии",0
custom_product1,,"В наличии",0
"На i3",,"В наличии",0
sdsad,,"В наличии",0
sdsfd,,"В наличии",0
dsadsa,,"В наличии",0
dsadSADWQ,,"В наличии",0
dfsdfd,,"В наличии",0
safdsadasd232,,"В наличии",0
"Топ конфиг",,"В наличии",0
fsdfs,,"В наличии",0
фвыфавы,,"В наличии",0
"LUMEN 200x",,"В наличии",0
"LUMEN 400x",,"В наличии",0
"MSI GeForce RTX 3070 VENTUS 2X OC (LHR)",,"В наличии",2
"MSI GeForce RTX 3060 GAMING X (LHR)",,"В наличии",10
"1 ТБ Жесткий диск WD Blue",,"В наличии",17
"ID-COOLING SE-903-XT",,"В наличии",20
"Intel Core i5-12400F OEM",,"В наличии",20
"Intel Core i7-12700K OEM",,"В наличии",20
"Intel Core i3-12100F OEM",,"В наличии",20
"AMD Ryzen 5 5600 OEM",,"В наличии",20
"GIGABYTE B550M K",,"В наличии",20
"GIGABYTE B550M AORUS ELITE",,"В наличии",20
"MSI PRO B660M-E DDR4",,"В наличии",20
"MSI MAG Z690 TOMAHAWK WIFI",,"В наличии",20
"DEEPCOOL GAMMAXX 400 V2 Blue",,"В наличии",20
"Kingston FURY Beast Black 16 ГБ DDR4",,"В наличии",20
"Cougar Duoface RGB [черный]",,"В наличии",20
"DEEPCOOL MATREXX 50 ADD-RGB 3F [черный]",,"В наличии",20
"ID-COOLING ARGB Series",,"В наличии",20
"LIAN LI UNI FAN SL V2 120",,"В наличии",20
"DEEPCOOL PF600",,"В наличии",20
"DEEPCOOL DQ750",,"В наличии",20
"PowerColor AMD Radeon RX 6700 XT Fighter",,"В наличии",21
"1000 ГБ SSD M.2 ADATA XPG GAMMIX S11 Pro",,"В наличии",22
"KFA2 GeForce GTX 1650 X Black",,"В наличии",23
"500 ГБ SSD M.2 Samsung 980",,"В наличии",24
"Kingston FURY Beast Black 16 ГБ DDR5",,"В наличии",30
"Kingston A400 120GB",,"В наличии",89
"AMD Ryzen 3 5300G OEM",,"Нет в наличии",0
